source,target
B0000,B1101
B0000,B1108
B0000,B1226
B0000,B1375
B0001,B0112
B0001,B0219
B0001,B0641
B0001,B0698
B0002,B0339
B0002,B1221
B0002,B1357
B0002,B1622
B0002,B1869
B0003,B0005
B0003,B0321
B0003,B0467
B0003,B1222
B0003,B1286
B0004,B0773
B0004,B0876
B0004,B0991
B0004,B1003
B0004,B1219
B0004,B1999
B0005,B0321
B0005,B0467
B0005,B1222
B0005,B1286
B0006,B0329
B0006,B0745
B0006,B0914
B0006,B1553
B0006,B1677
B0007,B0302
B0007,B0624
B0007,B0638
B0007,B0718
B0008,B0207
B0008,B1014
B0008,B1122
B0008,B1890
B0008,B1894
B0008,B1942
B0009,B0449
B0009,B1270
B0009,B1494
B0009,B1601
B0010,B0711
B0010,B0859
B0010,B0892
B0010,B1793
B0010,B1815
B0011,B0284
B0011,B0396
B0011,B0498
B0011,B1276
B0011,B1325
B0012,B0167
B0012,B0171
B0012,B0649
B0012,B1926
B0013,B0241
B0013,B0315
B0013,B0387
B0013,B0600
B0013,B0776
B0014,B0064
B0014,B1180
B0014,B1836
B0014,B1862
B0015,B0334
B0015,B0845
B0015,B1052
B0015,B1251
B0015,B1923
B0016,B0546
B0016,B1072
B0016,B1535
B0016,B1539
B0016,B1971
B0017,B0127
B0017,B0927
B0017,B1279
B0017,B1346
B0017,B1908
B0017,B1968
B0018,B0174
B0018,B0589
B0018,B0781
B0018,B0999
B0018,B1559
B0019,B0320
B0019,B0399
B0019,B0511
B0019,B0653
B0019,B0971
B0020,B0166
B0020,B0646
B0020,B0840
B0020,B1297
B0020,B1508
B0020,B1842
B0021,B0252
B0021,B0276
B0021,B0459
B0021,B0747
B0021,B1184
B0021,B1337
B0022,B0340
B0022,B0356
B0022,B0431
B0022,B1277
B0022,B1312
B0022,B1682
B0023,B0063
B0023,B0237
B0023,B1063
B0023,B1335
B0023,B1472
B0023,B1766
B0024,B0066
B0024,B0144
B0024,B0536
B0024,B0811
B0024,B1315
B0024,B1466
B0025,B0299
B0025,B0325
B0025,B1262
B0025,B1765
B0025,B1945
B0026,B0037
B0026,B0229
B0026,B0437
B0026,B1388
B0026,B1770
B0026,B1948
B0027,B0055
B0027,B0077
B0027,B0525
B0027,B1436
B0027,B1834
B0028,B0338
B0028,B0499
B0028,B1188
B0028,B1217
B0028,B1399
B0028,B1820
B0029,B0572
B0029,B0628
B0029,B0792
B0029,B0907
B0029,B0944
B0029,B0964
B0030,B0937
B0030,B1173
B0030,B1319
B0030,B1919
B0031,B0669
B0031,B0722
B0031,B0940
B0031,B0994
B0032,B0078
B0032,B1265
B0032,B1897
B0032,B1911
B0033,B0094
B0033,B0249
B0033,B0673
B0033,B1452
B0033,B1463
B0033,B1994
B0034,B0508
B0034,B0775
B0034,B1451
B0034,B1478
B0034,B1970
B0035,B0684
B0035,B0827
B0035,B0902
B0035,B1778
B0036,B0662
B0036,B1444
B0036,B1953
B0036,B1975
B0037,B0229
B0037,B0437
B0037,B1388
B0037,B1770
B0037,B1948
B0038,B0172
B0038,B0652
B0038,B1149
B0038,B1581
B0039,B0222
B0039,B0228
B0039,B0542
B0039,B0547
B0039,B1374
B0040,B0230
B0040,B0288
B0040,B0378
B0040,B1017
B0040,B1513
B0040,B1796
B0041,B0088
B0041,B0131
B0041,B1801
B0041,B1933
B0042,B0110
B0042,B0359
B0042,B0847
B0042,B1128
B0042,B1169
B0042,B1521
B0043,B0101
B0043,B0274
B0043,B1096
B0043,B1231
B0043,B1721
B0043,B1832
B0044,B0168
B0044,B0303
B0044,B0555
B0044,B0990
B0044,B1686
B0044,B1924
B0045,B0316
B0045,B0591
B0045,B1612
B0045,B1719
B0046,B0822
B0046,B0866
B0046,B0935
B0046,B1373
B0046,B1708
B0047,B0336
B0047,B0803
B0047,B1049
B0047,B1763
B0048,B0083
B0048,B0147
B0048,B0360
B0048,B1309
B0049,B0231
B0049,B0462
B0049,B0693
B0049,B0855
B0049,B1105
B0049,B1384
B0050,B0149
B0050,B0313
B0050,B0574
B0050,B1148
B0050,B1213
B0050,B1552
B0051,B0071
B0051,B0259
B0051,B0736
B0051,B0941
B0051,B1407
B0051,B1761
B0052,B0068
B0052,B0125
B0052,B0204
B0052,B0545
B0052,B1547
B0052,B1740
B0053,B0151
B0053,B0403
B0053,B0586
B0053,B1143
B0053,B1768
B0054,B0457
B0054,B1501
B0054,B1828
B0054,B1883
B0054,B1947
B0055,B0077
B0055,B0525
B0055,B1436
B0055,B1834
B0056,B0275
B0056,B0374
B0056,B0584
B0056,B0746
B0056,B1118
B0056,B1292
B0057,B0133
B0057,B0823
B0057,B0933
B0057,B1140
B0057,B1531
B0057,B1684
B0058,B0208
B0058,B0631
B0058,B1386
B0058,B1560
B0058,B1812
B0059,B0298
B0059,B0630
B0059,B1301
B0059,B1381
B0059,B1710
B0060,B0603
B0060,B1074
B0060,B1304
B0060,B1329
B0060,B1941
B0061,B0278
B0061,B0872
B0061,B1296
B0061,B1489
B0061,B1878
B0062,B0104
B0062,B0688
B0062,B0826
B0062,B0852
B0062,B1305
B0062,B1353
B0063,B0237
B0063,B1063
B0063,B1335
B0063,B1472
B0063,B1766
B0064,B1180
B0064,B1836
B0064,B1862
B0065,B0938
B0065,B1273
B0065,B1323
B0065,B1731
B0066,B0144
B0066,B0536
B0066,B0811
B0066,B1315
B0066,B1466
B0067,B1543
B0067,B1563
B0067,B1592
B0067,B1737
B0067,B1803
B0068,B0125
B0068,B0204
B0068,B0545
B0068,B1547
B0068,B1740
B0069,B0857
B0069,B1474
B0069,B1483
B0069,B1555
B0069,B1691
B0070,B0212
B0070,B0247
B0070,B0909
B0070,B1450
B0070,B1532
B0070,B1608
B0071,B0259
B0071,B0736
B0071,B0941
B0071,B1407
B0071,B1761
B0072,B0809
B0072,B1037
B0072,B1106
B0072,B1283
B0072,B1935
B0073,B0162
B0073,B1274
B0073,B1433
B0073,B1593
B0074,B0102
B0074,B0434
B0074,B1234
B0074,B1255
B0074,B1791
B0075,B0176
B0075,B0395
B0075,B0444
B0075,B1657
B0076,B0427
B0076,B0581
B0076,B0780
B0076,B1414
B0076,B1831
B0076,B1916
B0077,B0525
B0077,B1436
B0077,B1834
B0078,B1265
B0078,B1897
B0078,B1911
B0079,B0671
B0079,B0814
B0079,B0885
B0079,B1172
B0079,B1285
B0080,B0132
B0080,B0137
B0080,B0183
B0080,B0796
B0080,B0899
B0080,B1986
B0081,B0084
B0081,B0380
B0081,B0915
B0081,B1018
B0081,B1029
B0081,B1688
B0082,B0676
B0082,B0770
B0082,B1046
B0082,B1288
B0082,B1920
B0082,B1946
B0083,B0147
B0083,B0360
B0083,B1309
B0084,B0380
B0084,B0915
B0084,B1018
B0084,B1029
B0084,B1688
B0085,B1645
B0085,B1660
B0085,B1804
B0085,B1817
B0086,B0177
B0086,B0704
B0086,B1220
B0086,B1322
B0086,B1635
B0087,B0130
B0087,B0871
B0087,B1123
B0087,B1396
B0087,B1482
B0087,B1687
B0088,B0131
B0088,B1801
B0088,B1933
B0089,B0604
B0089,B0753
B0089,B0848
B0089,B1519
B0089,B1917
B0089,B1918
B0090,B0713
B0090,B0875
B0090,B1205
B0090,B1936
B0091,B0564
B0091,B0897
B0091,B1363
B0091,B1369
B0091,B1390
B0092,B0280
B0092,B0666
B0092,B1113
B0092,B1263
B0093,B1008
B0093,B1011
B0093,B1070
B0093,B1092
B0093,B1949
B0094,B0249
B0094,B0673
B0094,B1452
B0094,B1463
B0094,B1994
B0095,B0484
B0095,B1430
B0095,B1757
B0095,B1851
B0096,B0156
B0096,B0419
B0096,B1000
B0096,B1505
B0097,B0737
B0097,B0858
B0097,B1211
B0097,B1514
B0097,B1973
B0098,B0683
B0098,B0725
B0098,B0804
B0098,B0960
B0098,B1570
B0098,B1762
B0099,B1083
B0099,B1179
B0099,B1922
B0099,B1981
B0100,B0433
B0100,B1134
B0100,B1654
B0100,B1813
B0100,B1934
B0101,B0274
B0101,B1096
B0101,B1231
B0101,B1721
B0101,B1832
B0102,B0434
B0102,B1234
B0102,B1255
B0102,B1791
B0103,B1250
B0103,B1443
B0103,B1445
B0103,B1683
B0104,B0688
B0104,B0826
B0104,B0852
B0104,B1305
B0104,B1353
B0105,B0126
B0105,B0355
B0105,B0838
B0105,B1102
B0105,B1995
B0106,B0213
B0106,B0238
B0106,B0349
B0106,B1079
B0106,B1775
B0107,B0497
B0107,B0619
B0107,B0756
B0107,B0881
B0107,B1617
B0107,B1980
B0108,B0568
B0108,B0890
B0108,B1167
B0108,B1174
B0108,B1542
B0109,B0583
B0109,B0670
B0109,B0834
B0109,B1164
B0109,B1640
B0109,B1959
B0110,B0359
B0110,B0847
B0110,B1128
B0110,B1169
B0110,B1521
B0111,B0383
B0111,B1054
B0111,B1395
B0111,B1453
B0111,B1487
B0112,B0219
B0112,B0641
B0112,B0698
B0113,B0221
B0113,B0643
B0113,B0677
B0113,B0982
B0113,B1228
B0114,B0417
B0114,B0616
B0114,B0825
B0114,B0969
B0114,B1639
B0114,B1910
B0115,B0538
B0115,B0743
B0115,B0829
B0115,B0906
B0115,B1394
B0115,B1541
B0116,B0740
B0116,B0790
B0116,B1150
B0116,B1545
B0116,B1787
B0117,B0235
B0117,B0267
B0117,B0388
B0117,B1187
B0117,B1506
B0117,B1606
B0118,B0513
B0118,B0522
B0118,B1124
B0118,B1249
B0118,B1594
B0118,B1993
B0119,B0656
B0119,B0830
B0119,B1081
B0119,B1690
B0120,B0233
B0120,B0617
B0120,B0654
B0120,B0949
B0120,B1259
B0120,B1697
B0121,B0330
B0121,B0466
B0121,B1044
B0121,B1238
B0121,B1638
B0122,B0279
B0122,B0293
B0122,B0400
B0122,B0883
B0122,B1823
B0123,B0175
B0123,B0482
B0123,B0599
B0123,B1412
B0123,B1610
B0123,B1794
B0124,B0254
B0124,B0450
B0124,B1078
B0124,B1080
B0124,B1290
B0124,B1609
B0125,B0204
B0125,B0545
B0125,B1547
B0125,B1740
B0126,B0355
B0126,B0838
B0126,B1102
B0126,B1995
B0127,B0927
B0127,B1279
B0127,B1346
B0127,B1908
B0127,B1968
B0128,B0674
B0128,B1646
B0128,B1664
B0128,B1852
B0129,B0626
B0129,B0754
B0129,B0861
B0129,B0943
B0129,B1175
B0130,B0871
B0130,B1123
B0130,B1396
B0130,B1482
B0130,B1687
B0131,B1801
B0131,B1933
B0132,B0137
B0132,B0183
B0132,B0796
B0132,B0899
B0132,B1986
B0133,B0823
B0133,B0933
B0133,B1140
B0133,B1531
B0133,B1684
B0134,B0200
B0134,B0779
B0134,B0929
B0134,B1051
B0134,B1056
B0135,B0307
B0135,B0554
B0135,B1178
B0135,B1673
B0136,B0333
B0136,B0375
B0136,B0458
B0136,B1159
B0136,B1342
B0136,B1844
B0137,B0183
B0137,B0796
B0137,B0899
B0137,B1986
B0138,B0319
B0138,B0549
B0138,B0893
B0138,B1837
B0139,B0531
B0139,B0558
B0139,B1177
B0139,B1526
B0139,B1734
B0139,B1805
B0140,B1181
B0140,B1339
B0140,B1393
B0140,B1574
B0140,B1797
B0140,B1974
B0141,B0576
B0141,B0706
B0141,B0986
B0141,B1258
B0141,B1432
B0141,B1493
B0142,B0664
B0142,B0984
B0142,B1338
B0142,B1516
B0142,B1824
B0143,B0197
B0143,B0608
B0143,B0751
B0143,B0981
B0143,B1534
B0143,B1633
B0144,B0536
B0144,B0811
B0144,B1315
B0144,B1466
B0145,B0223
B0145,B0373
B0145,B1088
B0145,B1142
B0145,B1420
B0145,B1826
B0146,B0488
B0146,B0928
B0146,B1171
B0146,B1811
B0147,B0360
B0147,B1309
B0148,B0710
B0148,B1383
B0148,B1785
B0148,B1857
B0148,B1943
B0149,B0313
B0149,B0574
B0149,B1148
B0149,B1213
B0149,B1552
B0150,B0262
B0150,B0345
B0150,B1321
B0150,B1438
B0150,B1634
B0150,B1702
B0151,B0403
B0151,B0586
B0151,B1143
B0151,B1768
B0152,B0509
B0152,B0913
B0152,B1135
B0152,B1776
B0152,B1870
B0153,B0580
B0153,B0789
B0153,B1099
B0153,B1718
B0153,B1997
B0154,B0489
B0154,B0784
B0154,B0853
B0154,B0961
B0154,B1742
B0155,B0468
B0155,B0772
B0155,B1200
B0155,B1239
B0156,B0419
B0156,B1000
B0156,B1505
B0157,B0476
B0157,B1069
B0157,B1195
B0157,B1243
B0158,B0516
B0158,B0634
B0158,B0841
B0158,B0988
B0158,B1058
B0158,B1261
B0159,B0257
B0159,B0851
B0159,B0895
B0159,B1575
B0160,B0821
B0160,B0877
B0160,B0956
B0160,B1186
B0160,B1603
B0160,B1681
B0161,B0201
B0161,B0401
B0161,B0702
B0161,B0729
B0161,B0995
B0161,B1579
B0162,B1274
B0162,B1433
B0162,B1593
B0163,B0351
B0163,B1033
B0163,B1537
B0163,B1562
B0164,B1001
B0164,B1094
B0164,B1157
B0164,B1344
B0164,B1498
B0164,B1854
B0165,B0248
B0165,B0446
B0165,B0541
B0165,B0983
B0165,B1540
B0165,B1668
B0166,B0646
B0166,B0840
B0166,B1297
B0166,B1508
B0166,B1842
B0167,B0171
B0167,B0649
B0167,B1926
B0168,B0303
B0168,B0555
B0168,B0990
B0168,B1686
B0168,B1924
B0169,B0945
B0169,B1197
B0169,B1253
B0169,B1404
B0170,B0292
B0170,B0561
B0170,B1160
B0170,B1456
B0170,B1876
B0171,B0649
B0171,B1926
B0172,B0652
B0172,B1149
B0172,B1581
B0173,B0414
B0173,B0526
B0173,B0720
B0173,B1551
B0173,B1872
B0174,B0589
B0174,B0781
B0174,B0999
B0174,B1559
B0175,B0482
B0175,B0599
B0175,B1412
B0175,B1610
B0175,B1794
B0176,B0395
B0176,B0444
B0176,B1657
B0177,B0704
B0177,B1220
B0177,B1322
B0177,B1635
B0178,B0390
B0178,B0447
B0178,B0553
B0178,B0578
B0179,B0950
B0179,B1047
B0179,B1316
B0179,B1755
B0180,B0301
B0180,B0496
B0180,B0606
B0180,B1656
B0180,B1720
B0181,B0621
B0181,B0818
B0181,B0952
B0181,B1192
B0181,B1362
B0182,B1481
B0182,B1607
B0182,B1939
B0182,B1940
B0183,B0796
B0183,B0899
B0183,B1986
B0184,B0271
B0184,B0439
B0184,B0741
B0184,B0939
B0184,B1013
B0185,B0342
B0185,B0367
B0185,B0527
B0185,B1116
B0185,B1736
B0186,B0463
B0186,B1147
B0186,B1224
B0186,B1349
B0187,B0216
B0187,B0379
B0187,B0492
B0187,B0763
B0187,B0791
B0187,B1064
B0188,B0289
B0188,B0701
B0188,B1137
B0188,B1814
B0189,B0562
B0189,B0686
B0189,B0957
B0189,B1899
B0189,B1951
B0190,B0980
B0190,B0992
B0190,B1139
B0190,B1955
B0190,B1964
B0191,B0456
B0191,B0738
B0191,B0919
B0191,B0977
B0191,B1571
B0192,B0398
B0192,B0436
B0192,B0614
B0192,B1435
B0192,B1511
B0193,B0440
B0193,B0573
B0193,B0714
B0193,B0946
B0193,B1009
B0193,B1858
B0194,B0331
B0194,B0485
B0194,B0788
B0194,B1185
B0194,B1378
B0194,B1745
B0195,B0410
B0195,B0597
B0195,B0869
B0195,B1428
B0195,B1747
B0195,B1783
B0196,B0354
B0196,B0416
B0196,B0579
B0196,B0930
B0196,B1245
B0197,B0608
B0197,B0751
B0197,B0981
B0197,B1534
B0197,B1633
B0198,B0332
B0198,B0593
B0198,B0650
B0198,B1359
B0198,B1391
B0198,B1788
B0199,B0998
B0199,B1055
B0199,B1131
B0199,B1206
B0199,B1379
B0200,B0779
B0200,B0929
B0200,B1051
B0200,B1056
B0201,B0401
B0201,B0702
B0201,B0729
B0201,B0995
B0201,B1579
B0202,B0246
B0202,B0835
B0202,B1207
B0202,B1462
B0203,B0495
B0203,B1053
B0203,B1364
B0203,B1624
B0203,B1965
B0203,B1966
B0204,B0545
B0204,B1547
B0204,B1740
B0205,B1021
B0205,B1025
B0205,B1104
B0205,B1411
B0205,B1585
B0205,B1895
B0206,B0392
B0206,B0397
B0206,B0766
B0206,B0794
B0206,B0870
B0207,B1014
B0207,B1122
B0207,B1890
B0207,B1894
B0207,B1942
B0208,B0631
B0208,B1386
B0208,B1560
B0208,B1812
B0209,B0682
B0209,B0812
B0209,B1492
B0209,B1616
B0209,B1680
B0210,B0297
B0210,B0651
B0210,B1729
B0210,B1833
B0210,B1884
B0211,B1242
B0211,B1464
B0211,B1728
B0211,B1767
B0212,B0247
B0212,B0909
B0212,B1450
B0212,B1532
B0212,B1608
B0213,B0238
B0213,B0349
B0213,B1079
B0213,B1775
B0214,B0326
B0214,B0560
B0214,B0813
B0214,B1112
B0215,B0695
B0215,B0865
B0215,B0921
B0215,B1780
B0216,B0379
B0216,B0492
B0216,B0763
B0216,B0791
B0216,B1064
B0217,B0473
B0217,B0911
B0217,B1227
B0217,B1596
B0218,B0432
B0218,B0610
B0218,B1465
B0218,B1491
B0218,B1930
B0218,B1962
B0219,B0641
B0219,B0698
B0220,B0394
B0220,B1497
B0220,B1675
B0220,B1784
B0220,B1938
B0221,B0643
B0221,B0677
B0221,B0982
B0221,B1228
B0222,B0228
B0222,B0542
B0222,B0547
B0222,B1374
B0223,B0373
B0223,B1088
B0223,B1142
B0223,B1420
B0223,B1826
B0224,B0409
B0224,B0723
B0224,B0786
B0224,B1007
B0224,B1717
B0225,B0283
B0225,B0797
B0225,B0959
B0225,B1626
B0225,B1881
B0226,B0309
B0226,B0405
B0226,B0962
B0226,B1330
B0226,B1649
B0227,B1043
B0227,B1117
B0227,B1170
B0227,B1331
B0228,B0542
B0228,B0547
B0228,B1374
B0229,B0437
B0229,B1388
B0229,B1770
B0229,B1948
B0230,B0288
B0230,B0378
B0230,B1017
B0230,B1513
B0230,B1796
B0231,B0462
B0231,B0693
B0231,B0855
B0231,B1105
B0231,B1384
B0232,B0523
B0232,B0533
B0232,B0644
B0232,B1507
B0233,B0617
B0233,B0654
B0233,B0949
B0233,B1259
B0233,B1697
B0234,B0657
B0234,B0732
B0234,B0750
B0234,B1156
B0234,B1632
B0234,B1988
B0235,B0267
B0235,B0388
B0235,B1187
B0235,B1506
B0235,B1606
B0236,B0358
B0236,B0551
B0236,B1110
B0236,B1867
B0237,B1063
B0237,B1335
B0237,B1472
B0237,B1766
B0238,B0349
B0238,B1079
B0238,B1775
B0239,B0256
B0239,B0620
B0239,B0879
B0239,B1370
B0240,B0261
B0240,B0535
B0240,B0692
B0240,B0819
B0240,B0968
B0240,B1739
B0241,B0315
B0241,B0387
B0241,B0600
B0241,B0776
B0242,B0842
B0242,B0898
B0242,B1133
B0242,B1448
B0242,B1868
B0243,B0601
B0243,B1050
B0243,B1281
B0243,B1336
B0243,B1441
B0243,B1972
B0244,B0445
B0244,B0596
B0244,B0817
B0244,B0931
B0244,B1272
B0245,B1062
B0245,B1127
B0245,B1199
B0245,B1416
B0246,B0835
B0246,B1207
B0246,B1462
B0247,B0909
B0247,B1450
B0247,B1532
B0247,B1608
B0248,B0446
B0248,B0541
B0248,B0983
B0248,B1540
B0248,B1668
B0249,B0673
B0249,B1452
B0249,B1463
B0249,B1994
B0250,B0413
B0250,B0715
B0250,B1307
B0250,B1385
B0250,B1454
B0251,B0507
B0251,B0585
B0251,B0824
B0251,B0889
B0251,B1568
B0251,B1927
B0252,B0276
B0252,B0459
B0252,B0747
B0252,B1184
B0252,B1337
B0253,B0452
B0253,B0896
B0253,B1060
B0253,B1327
B0253,B1906
B0254,B0450
B0254,B1078
B0254,B1080
B0254,B1290
B0254,B1609
B0255,B0389
B0255,B0708
B0255,B0882
B0255,B0908
B0255,B0924
B0255,B1703
B0256,B0620
B0256,B0879
B0256,B1370
B0257,B0851
B0257,B0895
B0257,B1575
B0258,B0672
B0258,B0844
B0258,B0867
B0258,B1799
B0259,B0736
B0259,B0941
B0259,B1407
B0259,B1761
B0260,B0901
B0260,B1061
B0260,B1366
B0260,B1548
B0261,B0535
B0261,B0692
B0261,B0819
B0261,B0968
B0261,B1739
B0262,B0345
B0262,B1321
B0262,B1438
B0262,B1634
B0262,B1702
B0263,B0443
B0263,B1002
B0263,B1077
B0263,B1569
B0263,B1723
B0263,B1830
B0264,B0454
B0264,B0717
B0264,B0734
B0264,B0850
B0264,B1672
B0265,B0376
B0265,B0483
B0265,B1536
B0265,B1769
B0266,B0322
B0266,B0471
B0266,B0637
B0266,B1196
B0266,B1713
B0267,B0388
B0267,B1187
B0267,B1506
B0267,B1606
B0268,B0369
B0268,B0635
B0268,B0655
B0268,B1907
B0269,B0455
B0269,B0815
B0269,B1485
B0269,B1750
B0269,B1886
B0269,B1996
B0270,B0602
B0270,B0712
B0270,B1190
B0270,B1225
B0270,B1659
B0270,B1990
B0271,B0439
B0271,B0741
B0271,B0939
B0271,B1013
B0272,B0849
B0272,B1034
B0272,B1549
B0272,B1651
B0273,B0415
B0273,B0486
B0273,B0680
B0273,B1471
B0273,B1676
B0273,B1829
B0274,B1096
B0274,B1231
B0274,B1721
B0274,B1832
B0275,B0374
B0275,B0584
B0275,B0746
B0275,B1118
B0275,B1292
B0276,B0459
B0276,B0747
B0276,B1184
B0276,B1337
B0277,B0493
B0277,B1010
B0277,B1320
B0277,B1422
B0277,B1564
B0277,B1846
B0278,B0872
B0278,B1296
B0278,B1489
B0278,B1878
B0279,B0293
B0279,B0400
B0279,B0883
B0279,B1823
B0280,B0666
B0280,B1113
B0280,B1263
B0281,B0478
B0281,B1556
B0281,B1647
B0281,B1798
B0282,B0291
B0282,B0810
B0282,B1341
B0282,B1427
B0282,B1694
B0283,B0797
B0283,B0959
B0283,B1626
B0283,B1881
B0284,B0396
B0284,B0498
B0284,B1276
B0284,B1325
B0285,B0423
B0285,B0428
B0285,B1318
B0285,B1343
B0285,B1509
B0285,B1583
B0286,B0598
B0286,B0932
B0286,B1057
B0286,B1442
B0286,B1604
B0287,B0451
B0287,B0490
B0287,B0873
B0287,B1480
B0288,B0378
B0288,B1017
B0288,B1513
B0288,B1796
B0289,B0701
B0289,B1137
B0289,B1814
B0290,B0724
B0290,B1208
B0290,B1588
B0290,B1896
B0291,B0810
B0291,B1341
B0291,B1427
B0291,B1694
B0292,B0561
B0292,B1160
B0292,B1456
B0292,B1876
B0293,B0400
B0293,B0883
B0293,B1823
B0294,B0615
B0294,B0923
B0294,B1268
B0294,B1902
B0295,B1016
B0295,B1275
B0295,B1725
B0295,B1748
B0296,B0922
B0296,B1073
B0296,B1421
B0296,B1840
B0297,B0651
B0297,B1729
B0297,B1833
B0297,B1884
B0298,B0630
B0298,B1301
B0298,B1381
B0298,B1710
B0299,B0325
B0299,B1262
B0299,B1765
B0299,B1945
B0300,B0832
B0300,B1425
B0300,B1754
B0300,B1903
B0301,B0496
B0301,B0606
B0301,B1656
B0301,B1720
B0302,B0624
B0302,B0638
B0302,B0718
B0303,B0555
B0303,B0990
B0303,B1686
B0303,B1924
B0304,B0837
B0304,B1365
B0304,B1557
B0304,B1790
B0305,B0808
B0305,B1004
B0305,B1310
B0305,B1937
B0306,B0530
B0306,B0862
B0306,B1566
B0306,B1666
B0307,B0554
B0307,B1178
B0307,B1673
B0308,B0370
B0308,B0430
B0308,B0566
B0308,B0660
B0308,B0979
B0308,B1328
B0309,B0405
B0309,B0962
B0309,B1330
B0309,B1649
B0310,B0381
B0310,B0425
B0310,B0926
B0310,B1565
B0311,B1455
B0311,B1476
B0311,B1861
B0311,B1866
B0311,B1989
B0312,B0435
B0312,B1067
B0312,B1475
B0312,B1898
B0313,B0574
B0313,B1148
B0313,B1213
B0313,B1552
B0314,B0661
B0314,B1210
B0314,B1418
B0314,B1653
B0314,B1969
B0315,B0387
B0315,B0600
B0315,B0776
B0316,B0591
B0316,B1612
B0316,B1719
B0317,B0663
B0317,B1257
B0317,B1397
B0317,B1700
B0317,B1773
B0317,B1835
B0318,B1247
B0318,B1358
B0318,B1689
B0318,B1732
B0319,B0549
B0319,B0893
B0319,B1837
B0320,B0399
B0320,B0511
B0320,B0653
B0320,B0971
B0321,B0467
B0321,B1222
B0321,B1286
B0322,B0471
B0322,B0637
B0322,B1196
B0322,B1713
B0323,B0843
B0323,B0963
B0323,B1090
B0323,B1864
B0324,B0368
B0324,B0755
B0324,B0787
B0324,B1623
B0324,B1819
B0325,B1262
B0325,B1765
B0325,B1945
B0326,B0560
B0326,B0813
B0326,B1112
B0327,B0442
B0327,B0774
B0327,B1087
B0327,B1405
B0327,B1650
B0328,B0910
B0328,B1125
B0328,B1850
B0328,B1856
B0328,B1929
B0328,B1954
B0329,B0745
B0329,B0914
B0329,B1553
B0329,B1677
B0330,B0466
B0330,B1044
B0330,B1238
B0330,B1638
B0331,B0485
B0331,B0788
B0331,B1185
B0331,B1378
B0331,B1745
B0332,B0593
B0332,B0650
B0332,B1359
B0332,B1391
B0332,B1788
B0333,B0375
B0333,B0458
B0333,B1159
B0333,B1342
B0333,B1844
B0334,B0845
B0334,B1052
B0334,B1251
B0334,B1923
B0335,B0515
B0335,B0768
B0335,B1015
B0335,B1039
B0335,B1348
B0335,B1879
B0336,B0803
B0336,B1049
B0336,B1763
B0337,B0719
B0337,B0878
B0337,B1076
B0337,B1772
B0338,B0499
B0338,B1188
B0338,B1217
B0338,B1399
B0338,B1820
B0339,B1221
B0339,B1357
B0339,B1622
B0339,B1869
B0340,B0356
B0340,B0431
B0340,B1277
B0340,B1312
B0340,B1682
B0341,B0629
B0341,B0700
B0341,B1189
B0341,B1578
B0342,B0367
B0342,B0527
B0342,B1116
B0342,B1736
B0343,B0769
B0343,B1332
B0343,B1515
B0343,B1685
B0344,B0552
B0344,B0888
B0344,B1027
B0344,B1350
B0345,B1321
B0345,B1438
B0345,B1634
B0345,B1702
B0346,B0528
B0346,B1387
B0346,B1619
B0346,B1960
B0347,B0386
B0347,B0504
B0347,B1024
B0347,B1214
B0347,B1774
B0348,B0778
B0348,B0839
B0348,B1361
B0348,B1641
B0348,B1944
B0349,B1079
B0349,B1775
B0350,B0543
B0350,B0978
B0350,B1510
B0350,B1600
B0350,B1932
B0351,B1033
B0351,B1537
B0351,B1562
B0352,B0393
B0352,B0494
B0352,B1036
B0352,B1107
B0352,B1605
B0352,B1825
B0353,B0905
B0353,B1289
B0353,B1333
B0353,B1860
B0354,B0416
B0354,B0579
B0354,B0930
B0354,B1245
B0355,B0838
B0355,B1102
B0355,B1995
B0356,B0431
B0356,B1277
B0356,B1312
B0356,B1682
B0357,B0667
B0357,B0735
B0357,B0783
B0357,B0967
B0357,B1035
B0357,B1525
B0358,B0551
B0358,B1110
B0358,B1867
B0359,B0847
B0359,B1128
B0359,B1169
B0359,B1521
B0360,B1309
B0361,B1182
B0361,B1244
B0361,B1473
B0361,B1696
B0361,B1741
B0362,B1026
B0362,B1144
B0362,B1576
B0362,B1611
B0362,B1865
B0363,B0505
B0363,B1816
B0363,B1859
B0363,B1961
B0364,B0665
B0364,B1030
B0364,B1303
B0364,B1355
B0364,B1730
B0365,B0420
B0365,B0588
B0365,B1022
B0365,B1085
B0365,B1240
B0365,B1998
B0366,B0464
B0366,B0886
B0366,B1193
B0366,B1546
B0367,B0527
B0367,B1116
B0367,B1736
B0368,B0755
B0368,B0787
B0368,B1623
B0368,B1819
B0369,B0635
B0369,B0655
B0369,B1907
B0370,B0430
B0370,B0566
B0370,B0660
B0370,B0979
B0370,B1328
B0371,B0518
B0371,B0721
B0371,B0733
B0371,B0777
B0371,B1669
B0371,B1743
B0372,B0697
B0372,B1031
B0372,B1145
B0372,B1201
B0372,B1376
B0372,B1392
B0373,B1088
B0373,B1142
B0373,B1420
B0373,B1826
B0374,B0584
B0374,B0746
B0374,B1118
B0374,B1292
B0375,B0458
B0375,B1159
B0375,B1342
B0375,B1844
B0376,B0483
B0376,B1536
B0376,B1769
B0377,B0461
B0377,B0798
B0377,B0966
B0377,B1176
B0377,B1302
B0378,B1017
B0378,B1513
B0378,B1796
B0379,B0492
B0379,B0763
B0379,B0791
B0379,B1064
B0380,B0915
B0380,B1018
B0380,B1029
B0380,B1688
B0381,B0425
B0381,B0926
B0381,B1565
B0382,B0759
B0382,B0973
B0382,B1103
B0382,B1789
B0383,B1054
B0383,B1395
B0383,B1453
B0383,B1487
B0384,B0854
B0384,B1426
B0384,B1589
B0384,B1758
B0385,B0805
B0385,B0955
B0385,B1215
B0385,B1437
B0386,B0504
B0386,B1024
B0386,B1214
B0386,B1774
B0387,B0600
B0387,B0776
B0388,B1187
B0388,B1506
B0388,B1606
B0389,B0708
B0389,B0882
B0389,B0908
B0389,B0924
B0389,B1703
B0390,B0447
B0390,B0553
B0390,B0578
B0391,B0418
B0391,B0592
B0391,B1162
B0391,B1522
B0391,B1698
B0392,B0397
B0392,B0766
B0392,B0794
B0392,B0870
B0393,B0494
B0393,B1036
B0393,B1107
B0393,B1605
B0393,B1825
B0394,B1497
B0394,B1675
B0394,B1784
B0394,B1938
B0395,B0444
B0395,B1657
B0396,B0498
B0396,B1276
B0396,B1325
B0397,B0766
B0397,B0794
B0397,B0870
B0398,B0436
B0398,B0614
B0398,B1435
B0398,B1511
B0399,B0511
B0399,B0653
B0399,B0971
B0400,B0883
B0400,B1823
B0401,B0702
B0401,B0729
B0401,B0995
B0401,B1579
B0402,B0659
B0402,B0954
B0402,B1372
B0402,B1704
B0402,B1877
B0402,B1928
B0403,B0586
B0403,B1143
B0403,B1768
B0404,B1280
B0404,B1298
B0404,B1340
B0404,B1488
B0404,B1580
B0404,B1727
B0405,B0962
B0405,B1330
B0405,B1649
B0406,B0502
B0406,B1071
B0406,B1597
B0406,B1751
B0407,B0537
B0407,B0758
B0407,B0920
B0407,B1853
B0407,B1904
B0408,B0548
B0408,B0694
B0408,B0936
B0408,B1389
B0408,B1614
B0408,B1738
B0409,B0723
B0409,B0786
B0409,B1007
B0409,B1717
B0410,B0597
B0410,B0869
B0410,B1428
B0410,B1747
B0410,B1783
B0411,B0679
B0411,B1120
B0411,B1838
B0411,B1950
B0412,B0675
B0412,B0728
B0412,B0760
B0412,B1098
B0412,B1602
B0412,B1807
B0413,B0715
B0413,B1307
B0413,B1385
B0413,B1454
B0414,B0526
B0414,B0720
B0414,B1551
B0414,B1872
B0415,B0486
B0415,B0680
B0415,B1471
B0415,B1676
B0415,B1829
B0416,B0579
B0416,B0930
B0416,B1245
B0417,B0616
B0417,B0825
B0417,B0969
B0417,B1639
B0417,B1910
B0418,B0592
B0418,B1162
B0418,B1522
B0418,B1698
B0419,B1000
B0419,B1505
B0420,B0588
B0420,B1022
B0420,B1085
B0420,B1240
B0420,B1998
B0421,B0636
B0421,B0799
B0421,B0864
B0421,B1403
B0421,B1406
B0421,B1429
B0422,B0519
B0422,B0764
B0422,B0887
B0422,B1449
B0422,B1674
B0423,B0428
B0423,B1318
B0423,B1343
B0423,B1509
B0423,B1583
B0424,B0594
B0424,B0622
B0424,B0691
B0424,B1503
B0424,B1963
B0425,B0926
B0425,B1565
B0426,B1006
B0426,B1111
B0426,B1314
B0426,B1326
B0426,B1800
B0427,B0581
B0427,B0780
B0427,B1414
B0427,B1831
B0427,B1916
B0428,B1318
B0428,B1343
B0428,B1509
B0428,B1583
B0429,B0916
B0429,B0993
B0429,B1233
B0429,B1502
B0429,B1931
B0430,B0566
B0430,B0660
B0430,B0979
B0430,B1328
B0431,B1277
B0431,B1312
B0431,B1682
B0432,B0610
B0432,B1465
B0432,B1491
B0432,B1930
B0432,B1962
B0433,B1134
B0433,B1654
B0433,B1813
B0433,B1934
B0434,B1234
B0434,B1255
B0434,B1791
B0435,B1067
B0435,B1475
B0435,B1898
B0436,B0614
B0436,B1435
B0436,B1511
B0437,B1388
B0437,B1770
B0437,B1948
B0438,B0582
B0438,B0607
B0438,B0757
B0438,B1518
B0438,B1618
B0439,B0741
B0439,B0939
B0439,B1013
B0440,B0573
B0440,B0714
B0440,B0946
B0440,B1009
B0440,B1858
B0441,B1291
B0441,B1409
B0441,B1533
B0441,B1808
B0442,B0774
B0442,B1087
B0442,B1405
B0442,B1650
B0443,B1002
B0443,B1077
B0443,B1569
B0443,B1723
B0443,B1830
B0444,B1657
B0445,B0596
B0445,B0817
B0445,B0931
B0445,B1272
B0446,B0541
B0446,B0983
B0446,B1540
B0446,B1668
B0447,B0553
B0447,B0578
B0448,B0716
B0448,B1517
B0448,B1667
B0448,B1809
B0449,B1270
B0449,B1494
B0449,B1601
B0450,B1078
B0450,B1080
B0450,B1290
B0450,B1609
B0451,B0490
B0451,B0873
B0451,B1480
B0452,B0896
B0452,B1060
B0452,B1327
B0452,B1906
B0453,B0534
B0453,B0730
B0453,B0965
B0453,B1284
B0454,B0717
B0454,B0734
B0454,B0850
B0454,B1672
B0455,B0815
B0455,B1485
B0455,B1750
B0455,B1886
B0455,B1996
B0456,B0738
B0456,B0919
B0456,B0977
B0456,B1571
B0457,B1501
B0457,B1828
B0457,B1883
B0457,B1947
B0458,B1159
B0458,B1342
B0458,B1844
B0459,B0747
B0459,B1184
B0459,B1337
B0460,B1168
B0460,B1232
B0460,B1269
B0460,B1759
B0461,B0798
B0461,B0966
B0461,B1176
B0461,B1302
B0462,B0693
B0462,B0855
B0462,B1105
B0462,B1384
B0463,B1147
B0463,B1224
B0463,B1349
B0464,B0886
B0464,B1193
B0464,B1546
B0465,B0707
B0465,B0900
B0465,B0903
B0465,B1572
B0465,B1977
B0465,B1979
B0466,B1044
B0466,B1238
B0466,B1638
B0467,B1222
B0467,B1286
B0468,B0772
B0468,B1200
B0468,B1239
B0469,B0749
B0469,B1045
B0469,B1398
B0469,B1692
B0470,B0726
B0470,B0833
B0470,B1115
B0470,B1166
B0470,B1377
B0471,B0637
B0471,B1196
B0471,B1713
B0472,B0550
B0472,B0640
B0472,B1779
B0472,B1882
B0472,B1982
B0473,B0911
B0473,B1227
B0473,B1596
B0474,B0510
B0474,B0856
B0474,B1082
B0474,B1584
B0475,B0828
B0475,B0894
B0475,B1447
B0475,B1470
B0475,B1892
B0476,B1069
B0476,B1195
B0476,B1243
B0477,B0668
B0477,B1299
B0477,B1417
B0477,B1802
B0477,B1855
B0477,B1871
B0478,B1556
B0478,B1647
B0478,B1798
B0479,B0570
B0479,B0618
B0479,B1075
B0479,B1100
B0479,B1423
B0480,B1440
B0480,B1460
B0480,B1756
B0480,B1912
B0481,B0506
B0481,B1068
B0481,B1237
B0481,B1271
B0481,B1334
B0481,B1458
B0482,B0599
B0482,B1412
B0482,B1610
B0482,B1794
B0483,B1536
B0483,B1769
B0484,B1430
B0484,B1757
B0484,B1851
B0485,B0788
B0485,B1185
B0485,B1378
B0485,B1745
B0486,B0680
B0486,B1471
B0486,B1676
B0486,B1829
B0487,B0703
B0487,B1212
B0487,B1260
B0487,B1295
B0487,B1665
B0488,B0928
B0488,B1171
B0488,B1811
B0489,B0784
B0489,B0853
B0489,B0961
B0489,B1742
B0490,B0873
B0490,B1480
B0491,B0587
B0491,B0912
B0491,B0953
B0491,B1032
B0491,B1097
B0491,B1613
B0492,B0763
B0492,B0791
B0492,B1064
B0493,B1010
B0493,B1320
B0493,B1422
B0493,B1564
B0493,B1846
B0494,B1036
B0494,B1107
B0494,B1605
B0494,B1825
B0495,B1053
B0495,B1364
B0495,B1624
B0495,B1965
B0495,B1966
B0496,B0606
B0496,B1656
B0496,B1720
B0497,B0619
B0497,B0756
B0497,B0881
B0497,B1617
B0497,B1980
B0498,B1276
B0498,B1325
B0499,B1188
B0499,B1217
B0499,B1399
B0499,B1820
B0500,B1202
B0500,B1402
B0500,B1630
B0500,B1764
B0501,B0539
B0501,B0731
B0501,B0739
B0501,B0868
B0501,B0958
B0501,B1849
B0502,B1071
B0502,B1597
B0502,B1751
B0503,B0605
B0503,B0846
B0503,B0997
B0503,B1163
B0503,B1716
B0503,B1786
B0504,B1024
B0504,B1214
B0504,B1774
B0505,B1816
B0505,B1859
B0505,B1961
B0506,B1068
B0506,B1237
B0506,B1271
B0506,B1334
B0506,B1458
B0507,B0585
B0507,B0824
B0507,B0889
B0507,B1568
B0507,B1927
B0508,B0775
B0508,B1451
B0508,B1478
B0508,B1970
B0509,B0913
B0509,B1135
B0509,B1776
B0509,B1870
B0510,B0856
B0510,B1082
B0510,B1584
B0511,B0653
B0511,B0971
B0512,B0559
B0512,B0633
B0512,B0801
B0512,B1119
B0512,B1141
B0512,B1921
B0513,B0522
B0513,B1124
B0513,B1249
B0513,B1594
B0513,B1993
B0514,B1550
B0514,B1567
B0514,B1573
B0514,B1810
B0515,B0768
B0515,B1015
B0515,B1039
B0515,B1348
B0515,B1879
B0516,B0634
B0516,B0841
B0516,B0988
B0516,B1058
B0516,B1261
B0517,B1709
B0517,B1887
B0517,B1984
B0517,B1991
B0518,B0721
B0518,B0733
B0518,B0777
B0518,B1669
B0518,B1743
B0519,B0764
B0519,B0887
B0519,B1449
B0519,B1674
B0520,B0647
B0520,B1086
B0520,B1152
B0520,B1367
B0520,B1495
B0521,B0761
B0521,B1203
B0521,B1246
B0521,B1467
B0521,B1746
B0521,B1983
B0522,B1124
B0522,B1249
B0522,B1594
B0522,B1993
B0523,B0533
B0523,B0644
B0523,B1507
B0524,B1109
B0524,B1183
B0524,B1266
B0524,B1722
B0525,B1436
B0525,B1834
B0526,B0720
B0526,B1551
B0526,B1872
B0527,B1116
B0527,B1736
B0528,B1387
B0528,B1619
B0528,B1960
B0529,B0744
B0529,B0802
B0529,B1873
B0529,B1893
B0530,B0862
B0530,B1566
B0530,B1666
B0531,B0558
B0531,B1177
B0531,B1526
B0531,B1734
B0531,B1805
B0532,B0752
B0532,B0765
B0532,B1356
B0532,B1874
B0533,B0644
B0533,B1507
B0534,B0730
B0534,B0965
B0534,B1284
B0535,B0692
B0535,B0819
B0535,B0968
B0535,B1739
B0536,B0811
B0536,B1315
B0536,B1466
B0537,B0758
B0537,B0920
B0537,B1853
B0537,B1904
B0538,B0743
B0538,B0829
B0538,B0906
B0538,B1394
B0538,B1541
B0539,B0731
B0539,B0739
B0539,B0868
B0539,B0958
B0539,B1849
B0540,B0748
B0540,B1059
B0540,B1194
B0540,B1678
B0541,B0983
B0541,B1540
B0541,B1668
B0542,B0547
B0542,B1374
B0543,B0978
B0543,B1510
B0543,B1600
B0543,B1932
B0544,B0611
B0544,B0771
B0544,B1041
B0544,B1419
B0545,B1547
B0545,B1740
B0546,B1072
B0546,B1535
B0546,B1539
B0546,B1971
B0547,B1374
B0548,B0694
B0548,B0936
B0548,B1389
B0548,B1614
B0548,B1738
B0549,B0893
B0549,B1837
B0550,B0640
B0550,B1779
B0550,B1882
B0550,B1982
B0551,B1110
B0551,B1867
B0552,B0888
B0552,B1027
B0552,B1350
B0553,B0578
B0554,B1178
B0554,B1673
B0555,B0990
B0555,B1686
B0555,B1924
B0556,B0577
B0556,B0645
B0556,B0681
B0556,B1012
B0556,B1839
B0557,B1161
B0557,B1235
B0557,B1347
B0557,B1360
B0558,B1177
B0558,B1526
B0558,B1734
B0558,B1805
B0559,B0633
B0559,B0801
B0559,B1119
B0559,B1141
B0559,B1921
B0560,B0813
B0560,B1112
B0561,B1160
B0561,B1456
B0561,B1876
B0562,B0686
B0562,B0957
B0562,B1899
B0562,B1951
B0563,B0742
B0563,B0863
B0563,B1020
B0563,B1264
B0563,B1598
B0564,B0897
B0564,B1363
B0564,B1369
B0564,B1390
B0565,B1129
B0565,B1413
B0565,B1500
B0565,B1795
B0565,B1845
B0566,B0660
B0566,B0979
B0566,B1328
B0567,B0727
B0567,B1771
B0567,B1821
B0567,B1909
B0568,B0890
B0568,B1167
B0568,B1174
B0568,B1542
B0569,B0625
B0569,B0685
B0569,B1311
B0569,B1561
B0570,B0618
B0570,B1075
B0570,B1100
B0570,B1423
B0571,B0917
B0571,B0976
B0571,B1317
B0571,B1468
B0571,B1591
B0571,B1913
B0572,B0628
B0572,B0792
B0572,B0907
B0572,B0944
B0572,B0964
B0573,B0714
B0573,B0946
B0573,B1009
B0573,B1858
B0574,B1148
B0574,B1213
B0574,B1552
B0575,B0836
B0575,B0925
B0575,B0942
B0575,B1554
B0575,B1956
B0576,B0706
B0576,B0986
B0576,B1258
B0576,B1432
B0576,B1493
B0577,B0645
B0577,B0681
B0577,B1012
B0577,B1839
B0579,B0930
B0579,B1245
B0580,B0789
B0580,B1099
B0580,B1718
B0580,B1997
B0581,B0780
B0581,B1414
B0581,B1831
B0581,B1916
B0582,B0607
B0582,B0757
B0582,B1518
B0582,B1618
B0583,B0670
B0583,B0834
B0583,B1164
B0583,B1640
B0583,B1959
B0584,B0746
B0584,B1118
B0584,B1292
B0585,B0824
B0585,B0889
B0585,B1568
B0585,B1927
B0586,B1143
B0586,B1768
B0587,B0912
B0587,B0953
B0587,B1032
B0587,B1097
B0587,B1613
B0588,B1022
B0588,B1085
B0588,B1240
B0588,B1998
B0589,B0781
B0589,B0999
B0589,B1559
B0590,B0985
B0590,B1132
B0590,B1293
B0590,B1558
B0590,B1957
B0590,B1976
B0591,B1612
B0591,B1719
B0592,B1162
B0592,B1522
B0592,B1698
B0593,B0650
B0593,B1359
B0593,B1391
B0593,B1788
B0594,B0622
B0594,B0691
B0594,B1503
B0594,B1963
B0595,B1042
B0595,B1380
B0595,B1401
B0595,B1735
B0596,B0817
B0596,B0931
B0596,B1272
B0597,B0869
B0597,B1428
B0597,B1747
B0597,B1783
B0598,B0932
B0598,B1057
B0598,B1442
B0598,B1604
B0599,B1412
B0599,B1610
B0599,B1794
B0600,B0776
B0601,B1050
B0601,B1281
B0601,B1336
B0601,B1441
B0601,B1972
B0602,B0712
B0602,B1190
B0602,B1225
B0602,B1659
B0602,B1990
B0603,B1074
B0603,B1304
B0603,B1329
B0603,B1941
B0604,B0753
B0604,B0848
B0604,B1519
B0604,B1917
B0604,B1918
B0605,B0846
B0605,B0997
B0605,B1163
B0605,B1716
B0605,B1786
B0606,B1656
B0606,B1720
B0607,B0757
B0607,B1518
B0607,B1618
B0608,B0751
B0608,B0981
B0608,B1534
B0608,B1633
B0609,B0767
B0609,B1204
B0609,B1679
B0609,B1992
B0610,B1465
B0610,B1491
B0610,B1930
B0610,B1962
B0611,B0771
B0611,B1041
B0611,B1419
B0612,B0642
B0612,B1028
B0612,B1241
B0612,B1792
B0612,B1841
B0612,B1891
B0613,B1431
B0613,B1530
B0613,B1658
B0613,B1782
B0614,B1435
B0614,B1511
B0615,B0923
B0615,B1268
B0615,B1902
B0616,B0825
B0616,B0969
B0616,B1639
B0616,B1910
B0617,B0654
B0617,B0949
B0617,B1259
B0617,B1697
B0618,B1075
B0618,B1100
B0618,B1423
B0619,B0756
B0619,B0881
B0619,B1617
B0619,B1980
B0620,B0879
B0620,B1370
B0621,B0818
B0621,B0952
B0621,B1192
B0621,B1362
B0622,B0691
B0622,B1503
B0622,B1963
B0623,B0880
B0623,B1595
B0623,B1733
B0623,B1888
B0624,B0638
B0624,B0718
B0625,B0685
B0625,B1311
B0625,B1561
B0626,B0754
B0626,B0861
B0626,B0943
B0626,B1175
B0627,B0632
B0627,B1248
B0627,B1306
B0627,B1400
B0627,B1408
B0627,B1952
B0628,B0792
B0628,B0907
B0628,B0944
B0628,B0964
B0629,B0700
B0629,B1189
B0629,B1578
B0630,B1301
B0630,B1381
B0630,B1710
B0631,B1386
B0631,B1560
B0631,B1812
B0632,B1248
B0632,B1306
B0632,B1400
B0632,B1408
B0632,B1952
B0633,B0801
B0633,B1119
B0633,B1141
B0633,B1921
B0634,B0841
B0634,B0988
B0634,B1058
B0634,B1261
B0635,B0655
B0635,B1907
B0636,B0799
B0636,B0864
B0636,B1403
B0636,B1406
B0636,B1429
B0637,B1196
B0637,B1713
B0638,B0718
B0639,B0687
B0639,B1218
B0639,B1712
B0639,B1843
B0639,B1967
B0640,B1779
B0640,B1882
B0640,B1982
B0641,B0698
B0642,B1028
B0642,B1241
B0642,B1792
B0642,B1841
B0642,B1891
B0643,B0677
B0643,B0982
B0643,B1228
B0644,B1507
B0645,B0681
B0645,B1012
B0645,B1839
B0646,B0840
B0646,B1297
B0646,B1508
B0646,B1842
B0647,B1086
B0647,B1152
B0647,B1367
B0647,B1495
B0648,B0709
B0648,B0972
B0648,B1282
B0648,B1382
B0648,B1434
B0648,B1479
B0649,B1926
B0650,B1359
B0650,B1391
B0650,B1788
B0651,B1729
B0651,B1833
B0651,B1884
B0652,B1149
B0652,B1581
B0653,B0971
B0654,B0949
B0654,B1259
B0654,B1697
B0655,B1907
B0656,B0830
B0656,B1081
B0656,B1690
B0657,B0732
B0657,B0750
B0657,B1156
B0657,B1632
B0657,B1988
B0658,B1019
B0658,B1504
B0658,B1625
B0658,B1662
B0659,B0954
B0659,B1372
B0659,B1704
B0659,B1877
B0659,B1928
B0660,B0979
B0660,B1328
B0661,B1210
B0661,B1418
B0661,B1653
B0661,B1969
B0662,B1444
B0662,B1953
B0662,B1975
B0663,B1257
B0663,B1397
B0663,B1700
B0663,B1773
B0663,B1835
B0664,B0984
B0664,B1338
B0664,B1516
B0664,B1824
B0665,B1030
B0665,B1303
B0665,B1355
B0665,B1730
B0666,B1113
B0666,B1263
B0667,B0735
B0667,B0783
B0667,B0967
B0667,B1035
B0667,B1525
B0668,B1299
B0668,B1417
B0668,B1802
B0668,B1855
B0668,B1871
B0669,B0722
B0669,B0940
B0669,B0994
B0670,B0834
B0670,B1164
B0670,B1640
B0670,B1959
B0671,B0814
B0671,B0885
B0671,B1172
B0671,B1285
B0672,B0844
B0672,B0867
B0672,B1799
B0673,B1452
B0673,B1463
B0673,B1994
B0674,B1646
B0674,B1664
B0674,B1852
B0675,B0728
B0675,B0760
B0675,B1098
B0675,B1602
B0675,B1807
B0676,B0770
B0676,B1046
B0676,B1288
B0676,B1920
B0676,B1946
B0677,B0982
B0677,B1228
B0678,B0987
B0678,B1089
B0678,B1512
B0678,B1621
B0678,B1847
B0678,B1987
B0679,B1120
B0679,B1838
B0679,B1950
B0680,B1471
B0680,B1676
B0680,B1829
B0681,B1012
B0681,B1839
B0682,B0812
B0682,B1492
B0682,B1616
B0682,B1680
B0683,B0725
B0683,B0804
B0683,B0960
B0683,B1570
B0683,B1762
B0684,B0827
B0684,B0902
B0684,B1778
B0685,B1311
B0685,B1561
B0686,B0957
B0686,B1899
B0686,B1951
B0687,B1218
B0687,B1712
B0687,B1843
B0687,B1967
B0688,B0826
B0688,B0852
B0688,B1305
B0688,B1353
B0689,B0690
B0689,B1066
B0689,B1191
B0689,B1744
B0689,B1752
B0689,B1875
B0690,B1066
B0690,B1191
B0690,B1744
B0690,B1752
B0690,B1875
B0691,B1503
B0691,B1963
B0692,B0819
B0692,B0968
B0692,B1739
B0693,B0855
B0693,B1105
B0693,B1384
B0694,B0936
B0694,B1389
B0694,B1614
B0694,B1738
B0695,B0865
B0695,B0921
B0695,B1780
B0696,B0996
B0696,B1308
B0696,B1827
B0696,B1914
B0697,B1031
B0697,B1145
B0697,B1201
B0697,B1376
B0697,B1392
B0699,B0975
B0699,B1499
B0699,B1705
B0699,B1806
B0700,B1189
B0700,B1578
B0701,B1137
B0701,B1814
B0702,B0729
B0702,B0995
B0702,B1579
B0703,B1212
B0703,B1260
B0703,B1295
B0703,B1665
B0704,B1220
B0704,B1322
B0704,B1635
B0705,B0948
B0705,B1146
B0705,B1368
B0705,B1985
B0706,B0986
B0706,B1258
B0706,B1432
B0706,B1493
B0707,B0900
B0707,B0903
B0707,B1572
B0707,B1977
B0707,B1979
B0708,B0882
B0708,B0908
B0708,B0924
B0708,B1703
B0709,B0972
B0709,B1282
B0709,B1382
B0709,B1434
B0709,B1479
B0710,B1383
B0710,B1785
B0710,B1857
B0710,B1943
B0711,B0859
B0711,B0892
B0711,B1793
B0711,B1815
B0712,B1190
B0712,B1225
B0712,B1659
B0712,B1990
B0713,B0875
B0713,B1205
B0713,B1936
B0714,B0946
B0714,B1009
B0714,B1858
B0715,B1307
B0715,B1385
B0715,B1454
B0716,B1517
B0716,B1667
B0716,B1809
B0717,B0734
B0717,B0850
B0717,B1672
B0719,B0878
B0719,B1076
B0719,B1772
B0720,B1551
B0720,B1872
B0721,B0733
B0721,B0777
B0721,B1669
B0721,B1743
B0722,B0940
B0722,B0994
B0723,B0786
B0723,B1007
B0723,B1717
B0724,B1208
B0724,B1588
B0724,B1896
B0725,B0804
B0725,B0960
B0725,B1570
B0725,B1762
B0726,B0833
B0726,B1115
B0726,B1166
B0726,B1377
B0727,B1771
B0727,B1821
B0727,B1909
B0728,B0760
B0728,B1098
B0728,B1602
B0728,B1807
B0729,B0995
B0729,B1579
B0730,B0965
B0730,B1284
B0731,B0739
B0731,B0868
B0731,B0958
B0731,B1849
B0732,B0750
B0732,B1156
B0732,B1632
B0732,B1988
B0733,B0777
B0733,B1669
B0733,B1743
B0734,B0850
B0734,B1672
B0735,B0783
B0735,B0967
B0735,B1035
B0735,B1525
B0736,B0941
B0736,B1407
B0736,B1761
B0737,B0858
B0737,B1211
B0737,B1514
B0737,B1973
B0738,B0919
B0738,B0977
B0738,B1571
B0739,B0868
B0739,B0958
B0739,B1849
B0740,B0790
B0740,B1150
B0740,B1545
B0740,B1787
B0741,B0939
B0741,B1013
B0742,B0863
B0742,B1020
B0742,B1264
B0742,B1598
B0743,B0829
B0743,B0906
B0743,B1394
B0743,B1541
B0744,B0802
B0744,B1873
B0744,B1893
B0745,B0914
B0745,B1553
B0745,B1677
B0746,B1118
B0746,B1292
B0747,B1184
B0747,B1337
B0748,B1059
B0748,B1194
B0748,B1678
B0749,B1045
B0749,B1398
B0749,B1692
B0750,B1156
B0750,B1632
B0750,B1988
B0751,B0981
B0751,B1534
B0751,B1633
B0752,B0765
B0752,B1356
B0752,B1874
B0753,B0848
B0753,B1519
B0753,B1917
B0753,B1918
B0754,B0861
B0754,B0943
B0754,B1175
B0755,B0787
B0755,B1623
B0755,B1819
B0756,B0881
B0756,B1617
B0756,B1980
B0757,B1518
B0757,B1618
B0758,B0920
B0758,B1853
B0758,B1904
B0759,B0973
B0759,B1103
B0759,B1789
B0760,B1098
B0760,B1602
B0760,B1807
B0761,B1203
B0761,B1246
B0761,B1467
B0761,B1746
B0761,B1983
B0762,B0918
B0762,B0989
B0762,B1620
B0762,B1670
B0762,B1711
B0763,B0791
B0763,B1064
B0764,B0887
B0764,B1449
B0764,B1674
B0765,B1356
B0765,B1874
B0766,B0794
B0766,B0870
B0767,B1204
B0767,B1679
B0767,B1992
B0768,B1015
B0768,B1039
B0768,B1348
B0768,B1879
B0769,B1332
B0769,B1515
B0769,B1685
B0770,B1046
B0770,B1288
B0770,B1920
B0770,B1946
B0771,B1041
B0771,B1419
B0772,B1200
B0772,B1239
B0773,B0876
B0773,B0991
B0773,B1003
B0773,B1219
B0773,B1999
B0774,B1087
B0774,B1405
B0774,B1650
B0775,B1451
B0775,B1478
B0775,B1970
B0777,B1669
B0777,B1743
B0778,B0839
B0778,B1361
B0778,B1641
B0778,B1944
B0779,B0929
B0779,B1051
B0779,B1056
B0780,B1414
B0780,B1831
B0780,B1916
B0781,B0999
B0781,B1559
B0782,B0874
B0782,B1324
B0782,B1345
B0782,B1652
B0783,B0967
B0783,B1035
B0783,B1525
B0784,B0853
B0784,B0961
B0784,B1742
B0785,B0807
B0785,B1198
B0785,B1278
B0785,B1818
B0786,B1007
B0786,B1717
B0787,B1623
B0787,B1819
B0788,B1185
B0788,B1378
B0788,B1745
B0789,B1099
B0789,B1718
B0789,B1997
B0790,B1150
B0790,B1545
B0790,B1787
B0791,B1064
B0792,B0907
B0792,B0944
B0792,B0964
B0793,B1138
B0793,B1582
B0793,B1586
B0793,B1671
B0794,B0870
B0795,B1643
B0795,B1848
B0795,B1900
B0795,B1925
B0796,B0899
B0796,B1986
B0797,B0959
B0797,B1626
B0797,B1881
B0798,B0966
B0798,B1176
B0798,B1302
B0799,B0864
B0799,B1403
B0799,B1406
B0799,B1429
B0800,B1158
B0800,B1300
B0800,B1415
B0800,B1527
B0800,B1655
B0800,B1822
B0801,B1119
B0801,B1141
B0801,B1921
B0802,B1873
B0802,B1893
B0803,B1049
B0803,B1763
B0804,B0960
B0804,B1570
B0804,B1762
B0805,B0955
B0805,B1215
B0805,B1437
B0806,B0904
B0806,B1040
B0806,B1230
B0806,B1461
B0806,B1587
B0806,B1637
B0807,B1198
B0807,B1278
B0807,B1818
B0808,B1004
B0808,B1310
B0808,B1937
B0809,B1037
B0809,B1106
B0809,B1283
B0809,B1935
B0810,B1341
B0810,B1427
B0810,B1694
B0811,B1315
B0811,B1466
B0812,B1492
B0812,B1616
B0812,B1680
B0813,B1112
B0814,B0885
B0814,B1172
B0814,B1285
B0815,B1485
B0815,B1750
B0815,B1886
B0815,B1996
B0816,B1005
B0816,B1114
B0816,B1457
B0816,B1760
B0817,B0931
B0817,B1272
B0818,B0952
B0818,B1192
B0818,B1362
B0819,B0968
B0819,B1739
B0820,B1023
B0820,B1287
B0820,B1477
B0820,B1644
B0820,B1706
B0821,B0877
B0821,B0956
B0821,B1186
B0821,B1603
B0821,B1681
B0822,B0866
B0822,B0935
B0822,B1373
B0822,B1708
B0823,B0933
B0823,B1140
B0823,B1531
B0823,B1684
B0824,B0889
B0824,B1568
B0824,B1927
B0825,B0969
B0825,B1639
B0825,B1910
B0826,B0852
B0826,B1305
B0826,B1353
B0827,B0902
B0827,B1778
B0828,B0894
B0828,B1447
B0828,B1470
B0828,B1892
B0829,B0906
B0829,B1394
B0829,B1541
B0830,B1081
B0830,B1690
B0831,B1154
B0831,B1267
B0831,B1528
B0831,B1590
B0832,B1425
B0832,B1754
B0832,B1903
B0833,B1115
B0833,B1166
B0833,B1377
B0834,B1164
B0834,B1640
B0834,B1959
B0835,B1207
B0835,B1462
B0836,B0925
B0836,B0942
B0836,B1554
B0836,B1956
B0837,B1365
B0837,B1557
B0837,B1790
B0838,B1102
B0838,B1995
B0839,B1361
B0839,B1641
B0839,B1944
B0840,B1297
B0840,B1508
B0840,B1842
B0841,B0988
B0841,B1058
B0841,B1261
B0842,B0898
B0842,B1133
B0842,B1448
B0842,B1868
B0843,B0963
B0843,B1090
B0843,B1864
B0844,B0867
B0844,B1799
B0845,B1052
B0845,B1251
B0845,B1923
B0846,B0997
B0846,B1163
B0846,B1716
B0846,B1786
B0847,B1128
B0847,B1169
B0847,B1521
B0848,B1519
B0848,B1917
B0848,B1918
B0849,B1034
B0849,B1549
B0849,B1651
B0850,B1672
B0851,B0895
B0851,B1575
B0852,B1305
B0852,B1353
B0853,B0961
B0853,B1742
B0854,B1426
B0854,B1589
B0854,B1758
B0855,B1105
B0855,B1384
B0856,B1082
B0856,B1584
B0857,B1474
B0857,B1483
B0857,B1555
B0857,B1691
B0858,B1211
B0858,B1514
B0858,B1973
B0859,B0892
B0859,B1793
B0859,B1815
B0860,B1095
B0860,B1130
B0860,B1294
B0860,B1724
B0861,B0943
B0861,B1175
B0862,B1566
B0862,B1666
B0863,B1020
B0863,B1264
B0863,B1598
B0864,B1403
B0864,B1406
B0864,B1429
B0865,B0921
B0865,B1780
B0866,B0935
B0866,B1373
B0866,B1708
B0867,B1799
B0868,B0958
B0868,B1849
B0869,B1428
B0869,B1747
B0869,B1783
B0871,B1123
B0871,B1396
B0871,B1482
B0871,B1687
B0872,B1296
B0872,B1489
B0872,B1878
B0873,B1480
B0874,B1324
B0874,B1345
B0874,B1652
B0875,B1205
B0875,B1936
B0876,B0991
B0876,B1003
B0876,B1219
B0876,B1999
B0877,B0956
B0877,B1186
B0877,B1603
B0877,B1681
B0878,B1076
B0878,B1772
B0879,B1370
B0880,B1595
B0880,B1733
B0880,B1888
B0881,B1617
B0881,B1980
B0882,B0908
B0882,B0924
B0882,B1703
B0883,B1823
B0884,B0947
B0884,B1048
B0884,B1352
B0884,B1446
B0884,B1777
B0885,B1172
B0885,B1285
B0886,B1193
B0886,B1546
B0887,B1449
B0887,B1674
B0888,B1027
B0888,B1350
B0889,B1568
B0889,B1927
B0890,B1167
B0890,B1174
B0890,B1542
B0891,B1038
B0891,B1484
B0891,B1577
B0891,B1714
B0892,B1793
B0892,B1815
B0893,B1837
B0894,B1447
B0894,B1470
B0894,B1892
B0895,B1575
B0896,B1060
B0896,B1327
B0896,B1906
B0897,B1363
B0897,B1369
B0897,B1390
B0898,B1133
B0898,B1448
B0898,B1868
B0899,B1986
B0900,B0903
B0900,B1572
B0900,B1977
B0900,B1979
B0901,B1061
B0901,B1366
B0901,B1548
B0902,B1778
B0903,B1572
B0903,B1977
B0903,B1979
B0904,B1040
B0904,B1230
B0904,B1461
B0904,B1587
B0904,B1637
B0905,B1289
B0905,B1333
B0905,B1860
B0906,B1394
B0906,B1541
B0907,B0944
B0907,B0964
B0908,B0924
B0908,B1703
B0909,B1450
B0909,B1532
B0909,B1608
B0910,B1125
B0910,B1850
B0910,B1856
B0910,B1929
B0910,B1954
B0911,B1227
B0911,B1596
B0912,B0953
B0912,B1032
B0912,B1097
B0912,B1613
B0913,B1135
B0913,B1776
B0913,B1870
B0914,B1553
B0914,B1677
B0915,B1018
B0915,B1029
B0915,B1688
B0916,B0993
B0916,B1233
B0916,B1502
B0916,B1931
B0917,B0976
B0917,B1317
B0917,B1468
B0917,B1591
B0917,B1913
B0918,B0989
B0918,B1620
B0918,B1670
B0918,B1711
B0919,B0977
B0919,B1571
B0920,B1853
B0920,B1904
B0921,B1780
B0922,B1073
B0922,B1421
B0922,B1840
B0923,B1268
B0923,B1902
B0924,B1703
B0925,B0942
B0925,B1554
B0925,B1956
B0926,B1565
B0927,B1279
B0927,B1346
B0927,B1908
B0927,B1968
B0928,B1171
B0928,B1811
B0929,B1051
B0929,B1056
B0930,B1245
B0931,B1272
B0932,B1057
B0932,B1442
B0932,B1604
B0933,B1140
B0933,B1531
B0933,B1684
B0934,B1065
B0934,B1209
B0934,B1424
B0934,B1469
B0934,B1627
B0935,B1373
B0935,B1708
B0936,B1389
B0936,B1614
B0936,B1738
B0937,B1173
B0937,B1319
B0937,B1919
B0938,B1273
B0938,B1323
B0938,B1731
B0939,B1013
B0940,B0994
B0941,B1407
B0941,B1761
B0942,B1554
B0942,B1956
B0943,B1175
B0944,B0964
B0945,B1197
B0945,B1253
B0945,B1404
B0946,B1009
B0946,B1858
B0947,B1048
B0947,B1352
B0947,B1446
B0947,B1777
B0948,B1146
B0948,B1368
B0948,B1985
B0949,B1259
B0949,B1697
B0950,B1047
B0950,B1316
B0950,B1755
B0951,B1410
B0951,B1636
B0951,B1648
B0951,B1885
B0951,B1915
B0952,B1192
B0952,B1362
B0953,B1032
B0953,B1097
B0953,B1613
B0954,B1372
B0954,B1704
B0954,B1877
B0954,B1928
B0955,B1215
B0955,B1437
B0956,B1186
B0956,B1603
B0956,B1681
B0957,B1899
B0957,B1951
B0958,B1849
B0959,B1626
B0959,B1881
B0960,B1570
B0960,B1762
B0961,B1742
B0962,B1330
B0962,B1649
B0963,B1090
B0963,B1864
B0965,B1284
B0966,B1176
B0966,B1302
B0967,B1035
B0967,B1525
B0968,B1739
B0969,B1639
B0969,B1910
B0970,B1486
B0970,B1490
B0970,B1523
B0970,B1524
B0972,B1282
B0972,B1382
B0972,B1434
B0972,B1479
B0973,B1103
B0973,B1789
B0974,B1084
B0974,B1091
B0974,B1229
B0974,B1615
B0975,B1499
B0975,B1705
B0975,B1806
B0976,B1317
B0976,B1468
B0976,B1591
B0976,B1913
B0977,B1571
B0978,B1510
B0978,B1600
B0978,B1932
B0979,B1328
B0980,B0992
B0980,B1139
B0980,B1955
B0980,B1964
B0981,B1534
B0981,B1633
B0982,B1228
B0983,B1540
B0983,B1668
B0984,B1338
B0984,B1516
B0984,B1824
B0985,B1132
B0985,B1293
B0985,B1558
B0985,B1957
B0985,B1976
B0986,B1258
B0986,B1432
B0986,B1493
B0987,B1089
B0987,B1512
B0987,B1621
B0987,B1847
B0987,B1987
B0988,B1058
B0988,B1261
B0989,B1620
B0989,B1670
B0989,B1711
B0990,B1686
B0990,B1924
B0991,B1003
B0991,B1219
B0991,B1999
B0992,B1139
B0992,B1955
B0992,B1964
B0993,B1233
B0993,B1502
B0993,B1931
B0995,B1579
B0996,B1308
B0996,B1827
B0996,B1914
B0997,B1163
B0997,B1716
B0997,B1786
B0998,B1055
B0998,B1131
B0998,B1206
B0998,B1379
B0999,B1559
B1000,B1505
B1001,B1094
B1001,B1157
B1001,B1344
B1001,B1498
B1001,B1854
B1002,B1077
B1002,B1569
B1002,B1723
B1002,B1830
B1003,B1219
B1003,B1999
B1004,B1310
B1004,B1937
B1005,B1114
B1005,B1457
B1005,B1760
B1006,B1111
B1006,B1314
B1006,B1326
B1006,B1800
B1007,B1717
B1008,B1011
B1008,B1070
B1008,B1092
B1008,B1949
B1009,B1858
B1010,B1320
B1010,B1422
B1010,B1564
B1010,B1846
B1011,B1070
B1011,B1092
B1011,B1949
B1012,B1839
B1014,B1122
B1014,B1890
B1014,B1894
B1014,B1942
B1015,B1039
B1015,B1348
B1015,B1879
B1016,B1275
B1016,B1725
B1016,B1748
B1017,B1513
B1017,B1796
B1018,B1029
B1018,B1688
B1019,B1504
B1019,B1625
B1019,B1662
B1020,B1264
B1020,B1598
B1021,B1025
B1021,B1104
B1021,B1411
B1021,B1585
B1021,B1895
B1022,B1085
B1022,B1240
B1022,B1998
B1023,B1287
B1023,B1477
B1023,B1644
B1023,B1706
B1024,B1214
B1024,B1774
B1025,B1104
B1025,B1411
B1025,B1585
B1025,B1895
B1026,B1144
B1026,B1576
B1026,B1611
B1026,B1865
B1027,B1350
B1028,B1241
B1028,B1792
B1028,B1841
B1028,B1891
B1029,B1688
B1030,B1303
B1030,B1355
B1030,B1730
B1031,B1145
B1031,B1201
B1031,B1376
B1031,B1392
B1032,B1097
B1032,B1613
B1033,B1537
B1033,B1562
B1034,B1549
B1034,B1651
B1035,B1525
B1036,B1107
B1036,B1605
B1036,B1825
B1037,B1106
B1037,B1283
B1037,B1935
B1038,B1484
B1038,B1577
B1038,B1714
B1039,B1348
B1039,B1879
B1040,B1230
B1040,B1461
B1040,B1587
B1040,B1637
B1041,B1419
B1042,B1380
B1042,B1401
B1042,B1735
B1043,B1117
B1043,B1170
B1043,B1331
B1044,B1238
B1044,B1638
B1045,B1398
B1045,B1692
B1046,B1288
B1046,B1920
B1046,B1946
B1047,B1316
B1047,B1755
B1048,B1352
B1048,B1446
B1048,B1777
B1049,B1763
B1050,B1281
B1050,B1336
B1050,B1441
B1050,B1972
B1051,B1056
B1052,B1251
B1052,B1923
B1053,B1364
B1053,B1624
B1053,B1965
B1053,B1966
B1054,B1395
B1054,B1453
B1054,B1487
B1055,B1131
B1055,B1206
B1055,B1379
B1057,B1442
B1057,B1604
B1058,B1261
B1059,B1194
B1059,B1678
B1060,B1327
B1060,B1906
B1061,B1366
B1061,B1548
B1062,B1127
B1062,B1199
B1062,B1416
B1063,B1335
B1063,B1472
B1063,B1766
B1065,B1209
B1065,B1424
B1065,B1469
B1065,B1627
B1066,B1191
B1066,B1744
B1066,B1752
B1066,B1875
B1067,B1475
B1067,B1898
B1068,B1237
B1068,B1271
B1068,B1334
B1068,B1458
B1069,B1195
B1069,B1243
B1070,B1092
B1070,B1949
B1071,B1597
B1071,B1751
B1072,B1535
B1072,B1539
B1072,B1971
B1073,B1421
B1073,B1840
B1074,B1304
B1074,B1329
B1074,B1941
B1075,B1100
B1075,B1423
B1076,B1772
B1077,B1569
B1077,B1723
B1077,B1830
B1078,B1080
B1078,B1290
B1078,B1609
B1079,B1775
B1080,B1290
B1080,B1609
B1081,B1690
B1082,B1584
B1083,B1179
B1083,B1922
B1083,B1981
B1084,B1091
B1084,B1229
B1084,B1615
B1085,B1240
B1085,B1998
B1086,B1152
B1086,B1367
B1086,B1495
B1087,B1405
B1087,B1650
B1088,B1142
B1088,B1420
B1088,B1826
B1089,B1512
B1089,B1621
B1089,B1847
B1089,B1987
B1090,B1864
B1091,B1229
B1091,B1615
B1092,B1949
B1093,B1155
B1093,B1351
B1093,B1781
B1093,B1889
B1093,B1958
B1094,B1157
B1094,B1344
B1094,B1498
B1094,B1854
B1095,B1130
B1095,B1294
B1095,B1724
B1096,B1231
B1096,B1721
B1096,B1832
B1097,B1613
B1098,B1602
B1098,B1807
B1099,B1718
B1099,B1997
B1100,B1423
B1101,B1108
B1101,B1226
B1101,B1375
B1102,B1995
B1103,B1789
B1104,B1411
B1104,B1585
B1104,B1895
B1105,B1384
B1106,B1283
B1106,B1935
B1107,B1605
B1107,B1825
B1108,B1226
B1108,B1375
B1109,B1183
B1109,B1266
B1109,B1722
B1110,B1867
B1111,B1314
B1111,B1326
B1111,B1800
B1113,B1263
B1114,B1457
B1114,B1760
B1115,B1166
B1115,B1377
B1116,B1736
B1117,B1170
B1117,B1331
B1118,B1292
B1119,B1141
B1119,B1921
B1120,B1838
B1120,B1950
B1121,B1151
B1121,B1165
B1121,B1216
B1121,B1629
B1122,B1890
B1122,B1894
B1122,B1942
B1123,B1396
B1123,B1482
B1123,B1687
B1124,B1249
B1124,B1594
B1124,B1993
B1125,B1850
B1125,B1856
B1125,B1929
B1125,B1954
B1126,B1459
B1127,B1199
B1127,B1416
B1128,B1169
B1128,B1521
B1129,B1413
B1129,B1500
B1129,B1795
B1129,B1845
B1130,B1294
B1130,B1724
B1131,B1206
B1131,B1379
B1132,B1293
B1132,B1558
B1132,B1957
B1132,B1976
B1133,B1448
B1133,B1868
B1134,B1654
B1134,B1813
B1134,B1934
B1135,B1776
B1135,B1870
B1136,B1256
B1136,B1520
B1136,B1631
B1136,B1695
B1136,B1715
B1136,B1863
B1137,B1814
B1138,B1582
B1138,B1586
B1138,B1671
B1139,B1955
B1139,B1964
B1140,B1531
B1140,B1684
B1141,B1921
B1142,B1420
B1142,B1826
B1143,B1768
B1144,B1576
B1144,B1611
B1144,B1865
B1145,B1201
B1145,B1376
B1145,B1392
B1146,B1368
B1146,B1985
B1147,B1224
B1147,B1349
B1148,B1213
B1148,B1552
B1149,B1581
B1150,B1545
B1150,B1787
B1151,B1165
B1151,B1216
B1151,B1629
B1152,B1367
B1152,B1495
B1153,B1439
B1153,B1661
B1153,B1707
B1153,B1753
B1153,B1880
B1153,B1901
B1154,B1267
B1154,B1528
B1154,B1590
B1155,B1351
B1155,B1781
B1155,B1889
B1155,B1958
B1156,B1632
B1156,B1988
B1157,B1344
B1157,B1498
B1157,B1854
B1158,B1300
B1158,B1415
B1158,B1527
B1158,B1655
B1158,B1822
B1159,B1342
B1159,B1844
B1160,B1456
B1160,B1876
B1161,B1235
B1161,B1347
B1161,B1360
B1162,B1522
B1162,B1698
B1163,B1716
B1163,B1786
B1164,B1640
B1164,B1959
B1165,B1216
B1165,B1629
B1166,B1377
B1167,B1174
B1167,B1542
B1168,B1232
B1168,B1269
B1168,B1759
B1169,B1521
B1170,B1331
B1171,B1811
B1172,B1285
B1173,B1319
B1173,B1919
B1174,B1542
B1176,B1302
B1177,B1526
B1177,B1734
B1177,B1805
B1178,B1673
B1179,B1922
B1179,B1981
B1180,B1836
B1180,B1862
B1181,B1339
B1181,B1393
B1181,B1574
B1181,B1797
B1181,B1974
B1182,B1244
B1182,B1473
B1182,B1696
B1182,B1741
B1183,B1266
B1183,B1722
B1184,B1337
B1185,B1378
B1185,B1745
B1186,B1603
B1186,B1681
B1187,B1506
B1187,B1606
B1188,B1217
B1188,B1399
B1188,B1820
B1189,B1578
B1190,B1225
B1190,B1659
B1190,B1990
B1191,B1744
B1191,B1752
B1191,B1875
B1192,B1362
B1193,B1546
B1194,B1678
B1195,B1243
B1196,B1713
B1197,B1253
B1197,B1404
B1198,B1278
B1198,B1818
B1199,B1416
B1200,B1239
B1201,B1376
B1201,B1392
B1202,B1402
B1202,B1630
B1202,B1764
B1203,B1246
B1203,B1467
B1203,B1746
B1203,B1983
B1204,B1679
B1204,B1992
B1205,B1936
B1206,B1379
B1207,B1462
B1208,B1588
B1208,B1896
B1209,B1424
B1209,B1469
B1209,B1627
B1210,B1418
B1210,B1653
B1210,B1969
B1211,B1514
B1211,B1973
B1212,B1260
B1212,B1295
B1212,B1665
B1213,B1552
B1214,B1774
B1215,B1437
B1216,B1629
B1217,B1399
B1217,B1820
B1218,B1712
B1218,B1843
B1218,B1967
B1219,B1999
B1220,B1322
B1220,B1635
B1221,B1357
B1221,B1622
B1221,B1869
B1222,B1286
B1223,B1313
B1223,B1544
B1223,B1699
B1223,B1905
B1223,B1978
B1224,B1349
B1225,B1659
B1225,B1990
B1226,B1375
B1227,B1596
B1229,B1615
B1230,B1461
B1230,B1587
B1230,B1637
B1231,B1721
B1231,B1832
B1232,B1269
B1232,B1759
B1233,B1502
B1233,B1931
B1234,B1255
B1234,B1791
B1235,B1347
B1235,B1360
B1236,B1252
B1236,B1642
B1236,B1693
B1236,B1749
B1237,B1271
B1237,B1334
B1237,B1458
B1238,B1638
B1240,B1998
B1241,B1792
B1241,B1841
B1241,B1891
B1242,B1464
B1242,B1728
B1242,B1767
B1244,B1473
B1244,B1696
B1244,B1741
B1246,B1467
B1246,B1746
B1246,B1983
B1247,B1358
B1247,B1689
B1247,B1732
B1248,B1306
B1248,B1400
B1248,B1408
B1248,B1952
B1249,B1594
B1249,B1993
B1250,B1443
B1250,B1445
B1250,B1683
B1251,B1923
B1252,B1642
B1252,B1693
B1252,B1749
B1253,B1404
B1254,B1354
B1254,B1371
B1254,B1496
B1254,B1529
B1254,B1663
B1255,B1791
B1256,B1520
B1256,B1631
B1256,B1695
B1256,B1715
B1256,B1863
B1257,B1397
B1257,B1700
B1257,B1773
B1257,B1835
B1258,B1432
B1258,B1493
B1259,B1697
B1260,B1295
B1260,B1665
B1262,B1765
B1262,B1945
B1264,B1598
B1265,B1897
B1265,B1911
B1266,B1722
B1267,B1528
B1267,B1590
B1268,B1902
B1269,B1759
B1270,B1494
B1270,B1601
B1271,B1334
B1271,B1458
B1273,B1323
B1273,B1731
B1274,B1433
B1274,B1593
B1275,B1725
B1275,B1748
B1276,B1325
B1277,B1312
B1277,B1682
B1278,B1818
B1279,B1346
B1279,B1908
B1279,B1968
B1280,B1298
B1280,B1340
B1280,B1488
B1280,B1580
B1280,B1727
B1281,B1336
B1281,B1441
B1281,B1972
B1282,B1382
B1282,B1434
B1282,B1479
B1283,B1935
B1287,B1477
B1287,B1644
B1287,B1706
B1288,B1920
B1288,B1946
B1289,B1333
B1289,B1860
B1290,B1609
B1291,B1409
B1291,B1533
B1291,B1808
B1293,B1558
B1293,B1957
B1293,B1976
B1294,B1724
B1295,B1665
B1296,B1489
B1296,B1878
B1297,B1508
B1297,B1842
B1298,B1340
B1298,B1488
B1298,B1580
B1298,B1727
B1299,B1417
B1299,B1802
B1299,B1855
B1299,B1871
B1300,B1415
B1300,B1527
B1300,B1655
B1300,B1822
B1301,B1381
B1301,B1710
B1303,B1355
B1303,B1730
B1304,B1329
B1304,B1941
B1305,B1353
B1306,B1400
B1306,B1408
B1306,B1952
B1307,B1385
B1307,B1454
B1308,B1827
B1308,B1914
B1310,B1937
B1311,B1561
B1312,B1682
B1313,B1544
B1313,B1699
B1313,B1905
B1313,B1978
B1314,B1326
B1314,B1800
B1315,B1466
B1316,B1755
B1317,B1468
B1317,B1591
B1317,B1913
B1318,B1343
B1318,B1509
B1318,B1583
B1319,B1919
B1320,B1422
B1320,B1564
B1320,B1846
B1321,B1438
B1321,B1634
B1321,B1702
B1322,B1635
B1323,B1731
B1324,B1345
B1324,B1652
B1326,B1800
B1327,B1906
B1329,B1941
B1330,B1649
B1332,B1515
B1332,B1685
B1333,B1860
B1334,B1458
B1335,B1472
B1335,B1766
B1336,B1441
B1336,B1972
B1338,B1516
B1338,B1824
B1339,B1393
B1339,B1574
B1339,B1797
B1339,B1974
B1340,B1488
B1340,B1580
B1340,B1727
B1341,B1427
B1341,B1694
B1342,B1844
B1343,B1509
B1343,B1583
B1344,B1498
B1344,B1854
B1345,B1652
B1346,B1908
B1346,B1968
B1347,B1360
B1348,B1879
B1351,B1781
B1351,B1889
B1351,B1958
B1352,B1446
B1352,B1777
B1354,B1371
B1354,B1496
B1354,B1529
B1354,B1663
B1355,B1730
B1356,B1874
B1357,B1622
B1357,B1869
B1358,B1689
B1358,B1732
B1359,B1391
B1359,B1788
B1361,B1641
B1361,B1944
B1363,B1369
B1363,B1390
B1364,B1624
B1364,B1965
B1364,B1966
B1365,B1557
B1365,B1790
B1366,B1548
B1367,B1495
B1368,B1985
B1369,B1390
B1371,B1496
B1371,B1529
B1371,B1663
B1372,B1704
B1372,B1877
B1372,B1928
B1373,B1708
B1376,B1392
B1378,B1745
B1380,B1401
B1380,B1735
B1381,B1710
B1382,B1434
B1382,B1479
B1383,B1785
B1383,B1857
B1383,B1943
B1385,B1454
B1386,B1560
B1386,B1812
B1387,B1619
B1387,B1960
B1388,B1770
B1388,B1948
B1389,B1614
B1389,B1738
B1391,B1788
B1393,B1574
B1393,B1797
B1393,B1974
B1394,B1541
B1395,B1453
B1395,B1487
B1396,B1482
B1396,B1687
B1397,B1700
B1397,B1773
B1397,B1835
B1398,B1692
B1399,B1820
B1400,B1408
B1400,B1952
B1401,B1735
B1402,B1630
B1402,B1764
B1403,B1406
B1403,B1429
B1405,B1650
B1406,B1429
B1407,B1761
B1408,B1952
B1409,B1533
B1409,B1808
B1410,B1636
B1410,B1648
B1410,B1885
B1410,B1915
B1411,B1585
B1411,B1895
B1412,B1610
B1412,B1794
B1413,B1500
B1413,B1795
B1413,B1845
B1414,B1831
B1414,B1916
B1415,B1527
B1415,B1655
B1415,B1822
B1417,B1802
B1417,B1855
B1417,B1871
B1418,B1653
B1418,B1969
B1420,B1826
B1421,B1840
B1422,B1564
B1422,B1846
B1424,B1469
B1424,B1627
B1425,B1754
B1425,B1903
B1426,B1589
B1426,B1758
B1427,B1694
B1428,B1747
B1428,B1783
B1430,B1757
B1430,B1851
B1431,B1530
B1431,B1658
B1431,B1782
B1432,B1493
B1433,B1593
B1434,B1479
B1435,B1511
B1436,B1834
B1438,B1634
B1438,B1702
B1439,B1661
B1439,B1707
B1439,B1753
B1439,B1880
B1439,B1901
B1440,B1460
B1440,B1756
B1440,B1912
B1441,B1972
B1442,B1604
B1443,B1445
B1443,B1683
B1444,B1953
B1444,B1975
B1445,B1683
B1446,B1777
B1447,B1470
B1447,B1892
B1448,B1868
B1449,B1674
B1450,B1532
B1450,B1608
B1451,B1478
B1451,B1970
B1452,B1463
B1452,B1994
B1453,B1487
B1455,B1476
B1455,B1861
B1455,B1866
B1455,B1989
B1456,B1876
B1457,B1760
B1460,B1756
B1460,B1912
B1461,B1587
B1461,B1637
B1463,B1994
B1464,B1728
B1464,B1767
B1465,B1491
B1465,B1930
B1465,B1962
B1467,B1746
B1467,B1983
B1468,B1591
B1468,B1913
B1469,B1627
B1470,B1892
B1471,B1676
B1471,B1829
B1472,B1766
B1473,B1696
B1473,B1741
B1474,B1483
B1474,B1555
B1474,B1691
B1475,B1898
B1476,B1861
B1476,B1866
B1476,B1989
B1477,B1644
B1477,B1706
B1478,B1970
B1481,B1607
B1481,B1939
B1481,B1940
B1482,B1687
B1483,B1555
B1483,B1691
B1484,B1577
B1484,B1714
B1485,B1750
B1485,B1886
B1485,B1996
B1486,B1490
B1486,B1523
B1486,B1524
B1488,B1580
B1488,B1727
B1489,B1878
B1490,B1523
B1490,B1524
B1491,B1930
B1491,B1962
B1492,B1616
B1492,B1680
B1494,B1601
B1496,B1529
B1496,B1663
B1497,B1675
B1497,B1784
B1497,B1938
B1498,B1854
B1499,B1705
B1499,B1806
B1500,B1795
B1500,B1845
B1501,B1828
B1501,B1883
B1501,B1947
B1502,B1931
B1503,B1963
B1504,B1625
B1504,B1662
B1506,B1606
B1508,B1842
B1509,B1583
B1510,B1600
B1510,B1932
B1512,B1621
B1512,B1847
B1512,B1987
B1513,B1796
B1514,B1973
B1515,B1685
B1516,B1824
B1517,B1667
B1517,B1809
B1518,B1618
B1519,B1917
B1519,B1918
B1520,B1631
B1520,B1695
B1520,B1715
B1520,B1863
B1522,B1698
B1523,B1524
B1526,B1734
B1526,B1805
B1527,B1655
B1527,B1822
B1528,B1590
B1529,B1663
B1530,B1658
B1530,B1782
B1531,B1684
B1532,B1608
B1533,B1808
B1534,B1633
B1535,B1539
B1535,B1971
B1536,B1769
B1537,B1562
B1538,B1599
B1538,B1628
B1538,B1701
B1538,B1726
B1539,B1971
B1540,B1668
B1543,B1563
B1543,B1592
B1543,B1737
B1543,B1803
B1544,B1699
B1544,B1905
B1544,B1978
B1545,B1787
B1547,B1740
B1549,B1651
B1550,B1567
B1550,B1573
B1550,B1810
B1551,B1872
B1553,B1677
B1554,B1956
B1555,B1691
B1556,B1647
B1556,B1798
B1557,B1790
B1558,B1957
B1558,B1976
B1560,B1812
B1563,B1592
B1563,B1737
B1563,B1803
B1564,B1846
B1566,B1666
B1567,B1573
B1567,B1810
B1568,B1927
B1569,B1723
B1569,B1830
B1570,B1762
B1572,B1977
B1572,B1979
B1573,B1810
B1574,B1797
B1574,B1974
B1576,B1611
B1576,B1865
B1577,B1714
B1580,B1727
B1582,B1586
B1582,B1671
B1585,B1895
B1586,B1671
B1587,B1637
B1588,B1896
B1589,B1758
B1591,B1913
B1592,B1737
B1592,B1803
B1594,B1993
B1595,B1733
B1595,B1888
B1597,B1751
B1599,B1628
B1599,B1701
B1599,B1726
B1600,B1932
B1602,B1807
B1603,B1681
B1605,B1825
B1607,B1939
B1607,B1940
B1610,B1794
B1611,B1865
B1612,B1719
B1614,B1738
B1616,B1680
B1617,B1980
B1619,B1960
B1620,B1670
B1620,B1711
B1621,B1847
B1621,B1987
B1622,B1869
B1623,B1819
B1624,B1965
B1624,B1966
B1625,B1662
B1626,B1881
B1628,B1701
B1628,B1726
B1630,B1764
B1631,B1695
B1631,B1715
B1631,B1863
B1632,B1988
B1634,B1702
B1636,B1648
B1636,B1885
B1636,B1915
B1639,B1910
B1640,B1959
B1641,B1944
B1642,B1693
B1642,B1749
B1643,B1848
B1643,B1900
B1643,B1925
B1644,B1706
B1645,B1660
B1645,B1804
B1645,B1817
B1646,B1664
B1646,B1852
B1647,B1798
B1648,B1885
B1648,B1915
B1653,B1969
B1654,B1813
B1654,B1934
B1655,B1822
B1656,B1720
B1658,B1782
B1659,B1990
B1660,B1804
B1660,B1817
B1661,B1707
B1661,B1753
B1661,B1880
B1661,B1901
B1664,B1852
B1667,B1809
B1669,B1743
B1670,B1711
B1675,B1784
B1675,B1938
B1676,B1829
B1679,B1992
B1686,B1924
B1689,B1732
B1693,B1749
B1695,B1715
B1695,B1863
B1696,B1741
B1699,B1905
B1699,B1978
B1700,B1773
B1700,B1835
B1701,B1726
B1704,B1877
B1704,B1928
B1705,B1806
B1707,B1753
B1707,B1880
B1707,B1901
B1709,B1887
B1709,B1984
B1709,B1991
B1712,B1843
B1712,B1967
B1715,B1863
B1716,B1786
B1718,B1997
B1721,B1832
B1723,B1830
B1725,B1748
B1728,B1767
B1729,B1833
B1729,B1884
B1733,B1888
B1734,B1805
B1737,B1803
B1744,B1752
B1744,B1875
B1746,B1983
B1747,B1783
B1750,B1886
B1750,B1996
B1752,B1875
B1753,B1880
B1753,B1901
B1754,B1903
B1756,B1912
B1757,B1851
B1765,B1945
B1770,B1948
B1771,B1821
B1771,B1909
B1773,B1835
B1776,B1870
B1779,B1882
B1779,B1982
B1781,B1889
B1781,B1958
B1784,B1938
B1785,B1857
B1785,B1943
B1792,B1841
B1792,B1891
B1793,B1815
B1795,B1845
B1797,B1974
B1801,B1933
B1802,B1855
B1802,B1871
B1804,B1817
B1813,B1934
B1816,B1859
B1816,B1961
B1821,B1909
B1827,B1914
B1828,B1883
B1828,B1947
B1831,B1916
B1833,B1884
B1836,B1862
B1838,B1950
B1841,B1891
B1843,B1967
B1847,B1987
B1848,B1900
B1848,B1925
B1850,B1856
B1850,B1929
B1850,B1954
B1853,B1904
B1855,B1871
B1856,B1929
B1856,B1954
B1857,B1943
B1859,B1961
B1861,B1866
B1861,B1989
B1866,B1989
B1873,B1893
B1877,B1928
B1880,B1901
B1882,B1982
B1883,B1947
B1885,B1915
B1886,B1996
B1887,B1984
B1887,B1991
B1889,B1958
B1890,B1894
B1890,B1942
B1894,B1942
B1897,B1911
B1899,B1951
B1900,B1925
B1905,B1978
B1908,B1968
B1917,B1918
B1920,B1946
B1922,B1981
B1929,B1954
B1930,B1962
B1939,B1940
B1953,B1975
B1955,B1964
B1957,B1976
B1965,B1966
B1977,B1979
B1984,B1991
